{"cameraMode":{"drawMode":0,"name":"Shaded","section":"Shading Mode"},"sceneLighting":true,"audioPlay":false,"sceneViewState":{"m_AlwaysRefresh":false,"showFog":true,"showSkybox":true,"showFlares":true,"showImageEffects":true,"showParticleSystems":true,"showVisualEffectGraphs":true,"m_FxEnabled":true},"in2DMode":false,"pivot":{"x":241.2180633544922,"y":116.90618896484375,"z":110.93791961669922},"rotation":{"x":-0.20259124040603639,"y":0.01352362148463726,"z":-0.0025727092288434507,"w":-0.9792235493659973},"size":196.61122131347657,"orthographic":false}